experiment,model,scene,anchor_f1,anchor_fn,anchor_fp,anchor_precision,anchor_recall,anchor_tp,exact,fn,fp,hit_all,hit_mapped,invalid,joint100_f1,joint100_fn,joint100_fp,joint100_precision,joint100_recall,joint100_tp,joint150_f1,joint150_fn,joint150_fp,joint150_precision,joint150_recall,joint150_tp,joint200_f1,joint200_fn,joint200_fp,joint200_precision,joint200_recall,joint200_tp,joint50_f1,joint50_fn,joint50_fp,joint50_precision,joint50_recall,joint50_tp,macro_set_f1,mapped,margin_f1_0.5,margin_f1_1.0,margin_f1_2.0,margin_fn_0.5,margin_fn_1.0,margin_fn_2.0,margin_fp_0.5,margin_fp_1.0,margin_fp_2.0,margin_precision_0.5,margin_precision_1.0,margin_precision_2.0,margin_recall_0.5,margin_recall_1.0,margin_recall_2.0,margin_tp_0.5,margin_tp_1.0,margin_tp_2.0,mean_scene_normalized_error,micro_f1,micro_precision,micro_recall,missing,n,parse_failures,point100_f1,point100_fn,point100_fp,point100_precision,point100_recall,point100_tp,point150_f1,point150_fn,point150_fp,point150_precision,point150_recall,point150_tp,point200_f1,point200_fn,point200_fp,point200_precision,point200_recall,point200_tp,point50_f1,point50_fn,point50_fp,point50_precision,point50_recall,point50_tp,temporal_f1,temporal_fn,temporal_fp,temporal_precision,temporal_recall,temporal_tp,tp,unmapped,valid
experiment1,Qwen3-VL-30B-A3B,scene1,,,,,,,0.355,790,513,0.76875,0.76875,3,,,,,,,,,,,,,,,,,,,,,,,,,0.5838226911976906,800,,,,,,,,,,,,,,,,,,,,0.5718041406506738,0.6290672451193059,0.5240963855421686,,800,,,,,,,,,,,,,,,,,,,,,,,,,,,,,,,,870,0,797
experiment1,Qwen3-VL-30B-A3B,scene2,,,,,,,0.1025,1535,1009,0.55,0.55,13,,,,,,,,,,,,,,,,,,,,,,,,,0.3075317460317468,800,,,,,,,,,,,,,,,,,,,,0.30033003300330036,0.35112540192926045,0.2623738587217684,,800,,,,,,,,,,,,,,,,,,,,,,,,,,,,,,,,546,0,787
experiment1,Qwen3-VL-30B-A3B,scene3,,,,,,,0.25125,1024,654,0.77375,0.77375,5,,,,,,,,,,,,,,,,,,,,,,,,,0.5209811507936499,800,,,,,,,,,,,,,,,,,,,,0.5008923259964306,0.5628342245989305,0.4512325830653805,,800,,,,,,,,,,,,,,,,,,,,,,,,,,,,,,,,842,0,795
experiment1,Qwen3-VL-30B-A3B,scene4_room1,,,,,,,0.625,39,63,0.96,0.96,1,,,,,,,,,,,,,,,,,,,,,,,,,0.8627857142857148,200,,,,,,,,,,,,,,,,,,,,0.8774038461538461,0.852803738317757,0.9034653465346535,,200,,,,,,,,,,,,,,,,,,,,,,,,,,,,,,,,365,0,199
experiment1,Qwen3-VL-30B-A3B,scene4_room2,,,,,,,0.87,26,17,0.99,0.99,2,,,,,,,,,,,,,,,,,,,,,,,,,0.9482619047619049,200,,,,,,,,,,,,,,,,,,,,0.9425901201602137,0.9540540540540541,0.9313984168865436,,200,,,,,,,,,,,,,,,,,,,,,,,,,,,,,,,,353,0,198
experiment1,Qwen3-VL-30B-A3B,scene4_room3,,,,,,,0.76,46,13,0.98,0.98,1,,,,,,,,,,,,,,,,,,,,,,,,,0.9120000000000004,200,,,,,,,,,,,,,,,,,,,,0.9190672153635115,0.9626436781609196,0.8792650918635171,,200,,,,,,,,,,,,,,,,,,,,,,,,,,,,,,,,335,0,199
experiment1,Qwen3-VL-30B-A3B,scene4_room4,,,,,,,0.67,67,51,0.98,0.98,1,,,,,,,,,,,,,,,,,,,,,,,,,0.8699841269841276,200,,,,,,,,,,,,,,,,,,,,0.8487179487179487,0.8664921465968587,0.8316582914572864,,200,,,,,,,,,,,,,,,,,,,,,,,,,,,,,,,,331,0,199
experiment1,Qwen3-VL-30B-A3B,scene5,,,,,,,0.20375,758,1211,0.82875,0.82875,4,,,,,,,,,,,,,,,,,,,,,,,,,0.5178964646464653,800,,,,,,,,,,,,,,,,,,,,0.48923476005188066,0.43779015784586817,0.5543797766019988,,800,,,,,,,,,,,,,,,,,,,,,,,,,,,,,,,,943,0,796
experiment1,Qwen3-VL-8B,scene1,,,,,,,0.27125,1015,469,0.65875,0.65875,40,,,,,,,,,,,,,,,,,,,,,,,,,0.48102281746031655,800,,,,,,,,,,,,,,,,,,,,0.4650324441240087,0.5789946140035906,0.3885542168674699,,800,,,,,,,,,,,,,,,,,,,,,,,,,,,,,,,,645,0,760
experiment1,Qwen3-VL-8B,scene2,,,,,,,0.10875,1558,818,0.5275,0.5275,27,,,,,,,,,,,,,,,,,,,,,,,,,0.3115836940836949,800,,,,,,,,,,,,,,,,,,,,0.30566919929865577,0.3900074571215511,0.2513214800576646,,800,,,,,,,,,,,,,,,,,,,,,,,,,,,,,,,,523,0,773
experiment1,Qwen3-VL-8B,scene3,,,,,,,0.23375,1099,577,0.72625,0.72625,38,,,,,,,,,,,,,,,,,,,,,,,,,0.4885248015873008,800,,,,,,,,,,,,,,,,,,,,0.4778816199376948,0.5706845238095238,0.41103965702036444,,800,,,,,,,,,,,,,,,,,,,,,,,,,,,,,,,,767,0,762
experiment1,Qwen3-VL-8B,scene4_room1,,,,,,,0.49,133,30,0.94,0.94,2,,,,,,,,,,,,,,,,,,,,,,,,,0.7635476190476195,200,,,,,,,,,,,,,,,,,,,,0.7687943262411349,0.9003322259136213,0.6707920792079208,,200,,,,,,,,,,,,,,,,,,,,,,,,,,,,,,,,271,0,198
experiment1,Qwen3-VL-8B,scene4_room2,,,,,,,0.69,73,6,0.98,0.98,3,,,,,,,,,,,,,,,,,,,,,,,,,0.8886666666666669,200,,,,,,,,,,,,,,,,,,,,0.8856729377713458,0.9807692307692307,0.8073878627968337,,200,,,,,,,,,,,,,,,,,,,,,,,,,,,,,,,,306,0,197
experiment1,Qwen3-VL-8B,scene4_room3,,,,,,,0.415,123,10,0.96,0.96,4,,,,,,,,,,,,,,,,,,,,,,,,,0.7870000000000004,200,,,,,,,,,,,,,,,,,,,,0.7950693374422189,0.9626865671641791,0.6771653543307087,,200,,,,,,,,,,,,,,,,,,,,,,,,,,,,,,,,258,0,196
experiment1,Qwen3-VL-8B,scene4_room4,,,,,,,0.515,116,20,0.98,0.98,0,,,,,,,,,,,,,,,,,,,,,,,,,0.8175238095238102,200,,,,,,,,,,,,,,,,,,,,0.8057142857142857,0.9337748344370861,0.7085427135678392,,200,,,,,,,,,,,,,,,,,,,,,,,,,,,,,,,,282,0,200
experiment1,Qwen3-VL-8B,scene5,,,,,,,0.0475,1252,665,0.48875,0.48875,14,,,,,,,,,,,,,,,,,,,,,,,,,0.30685551948051837,800,,,,,,,,,,,,,,,,,,,,0.3190053285968028,0.4030520646319569,0.2639623750734862,,800,,,,,,,,,,,,,,,,,,,,,,,,,,,,,,,,449,0,786
experiment1,InternVL3-38B,scene1,,,,,,,0.2875,888,612,0.6975,0.6975,15,,,,,,,,,,,,,,,,,,,,,,,,,0.5119821428571417,800,,,,,,,,,,,,,,,,,,,,0.5072273324572929,0.5578034682080925,0.4650602409638554,,800,,,,,,,,,,,,,,,,,,,,,,,,,,,,,,,,772,0,785
experiment1,InternVL3-38B,scene2,,,,,,,0.1025,1536,951,0.5525,0.5525,0,,,,,,,,,,,,,,,,,,,,,,,,,0.3158552489177496,800,,,,,,,,,,,,,,,,,,,,0.30472462957785856,0.3643048128342246,0.26189332051898123,,800,,,,,,,,,,,,,,,,,,,,,,,,,,,,,,,,545,0,800
experiment1,InternVL3-38B,scene3,,,,,,,0.21875,1084,649,0.75375,0.75375,2,,,,,,,,,,,,,,,,,,,,,,,,,0.49243749999999886,800,,,,,,,,,,,,,,,,,,,,0.47437063997573553,0.546470999301188,0.4190782422293676,,800,,,,,,,,,,,,,,,,,,,,,,,,,,,,,,,,782,0,798
experiment1,InternVL3-38B,scene4_room1,,,,,,,0.6,56,43,0.975,0.975,1,,,,,,,,,,,,,,,,,,,,,,,,,0.8624047619047625,200,,,,,,,,,,,,,,,,,,,,0.8754716981132075,0.8900255754475703,0.8613861386138614,,200,,,,,,,,,,,,,,,,,,,,,,,,,,,,,,,,348,0,199
experiment1,InternVL3-38B,scene4_room2,,,,,,,0.67,69,6,0.99,0.99,0,,,,,,,,,,,,,,,,,,,,,,,,,0.8965000000000002,200,,,,,,,,,,,,,,,,,,,,0.8920863309352517,0.9810126582278481,0.8179419525065963,,200,,,,,,,,,,,,,,,,,,,,,,,,,,,,,,,,310,0,200
experiment1,InternVL3-38B,scene4_room3,,,,,,,0.535,93,9,0.98,0.98,0,,,,,,,,,,,,,,,,,,,,,,,,,0.8422857142857147,200,,,,,,,,,,,,,,,,,,,,0.8495575221238938,0.9696969696969697,0.7559055118110236,,200,,,,,,,,,,,,,,,,,,,,,,,,,,,,,,,,288,0,200
experiment1,InternVL3-38B,scene4_room4,,,,,,,0.52,108,32,0.98,0.98,0,,,,,,,,,,,,,,,,,,,,,,,,,0.82495634920635,200,,,,,,,,,,,,,,,,,,,,0.8055555555555555,0.9006211180124224,0.7286432160804021,,200,,,,,,,,,,,,,,,,,,,,,,,,,,,,,,,,290,0,200
experiment1,InternVL3-38B,scene5,,,,,,,0.10625,1063,1094,0.6225,0.6225,0,,,,,,,,,,,,,,,,,,,,,,,,,0.37559978909978947,800,,,,,,,,,,,,,,,,,,,,0.3716865715117973,0.3683602771362587,0.3750734861845973,,800,,,,,,,,,,,,,,,,,,,,,,,,,,,,,,,,638,0,800
experiment2,Qwen3-VL-30B-A3B,scene1,,,,,,,,,,,,0,0.23679303915475453,1186,1270,0.23076923076923078,0.2431397574984046,381,0.32069608452454945,1051,1135,0.3125378558449425,0.32929164007657946,516,0.3909260410192666,938,1022,0.3809812235009085,0.4014039566049777,629,0.09509011808576756,1414,1498,0.09267110841913992,0.09763880025526483,153,,,,,,,,,,,,,,,,,,,,,,,,,0,800,0,0.3076444996892479,1072,1156,0.29981829194427617,0.31589023611997447,495,0.40957116221255435,908,992,0.3991520290732889,0.4205488194001276,659,0.49844623990055936,765,849,0.48576620230163536,0.5118059987236758,802,0.12057178371659415,1373,1457,0.1175045427013931,0.12380344607530312,194,0.6793039154754507,474,558,0.6620230163537251,0.6975111678366305,1093,,,800
experiment2,Qwen3-VL-30B-A3B,scene2,,,,,,,,,,,,0,0.22072072072072071,1594,1520,0.22488526262111166,0.2167076167076167,441,0.30680680680680683,1422,1348,0.3125956144824069,0.30122850122850126,613,0.38988988988988993,1256,1182,0.3972463029066803,0.3828009828009828,779,0.08608608608608609,1863,1789,0.08771035186129526,0.08452088452088452,172,,,,,,,,,,,,,,,,,,,,,,,,,0,800,0,0.23873873873873877,1558,1484,0.24324324324324326,0.2343980343980344,477,0.33683683683683685,1362,1288,0.3431922488526262,0.3307125307125307,673,0.4239239239239239,1188,1114,0.43192248852626214,0.41621621621621624,847,0.09209209209209208,1851,1777,0.09382967873533911,0.09041769041769042,184,0.7577577577577578,521,447,0.7720550739418663,0.743980343980344,1514,,,800
experiment2,Qwen3-VL-30B-A3B,scene3,,,,,,,,,,,,0,0.21275426058273775,1385,1479,0.20739549839228297,0.21839729119638826,387,0.30456294667399675,1218,1312,0.29689174705251875,0.3126410835214447,554,0.3760307861462342,1088,1182,0.3665594855305466,0.3860045146726862,684,0.09620670698185817,1597,1691,0.09378349410503752,0.09875846501128668,175,,,,,,,,,,,,,,,,,,,,,,,,,0,800,0,0.2468389224848818,1323,1417,0.24062165058949625,0.2533860045146727,449,0.35294117647058826,1130,1224,0.3440514469453376,0.3623024830699774,642,0.4337548103353491,983,1077,0.4228295819935691,0.4452595936794582,789,0.11214953271028037,1568,1662,0.10932475884244373,0.11512415349887133,204,0.7691039032435405,373,467,0.7497320471596999,0.7895033860045146,1399,,,800
experiment2,Qwen3-VL-30B-A3B,scene4_room1,,,,,,,,,,,,0,0.17694369973190352,314,300,0.18032786885245902,0.1736842105263158,66,0.2815013404825737,275,261,0.28688524590163933,0.27631578947368424,105,0.34048257372654156,253,239,0.3469945355191257,0.33421052631578946,127,0.05630026809651475,359,345,0.05737704918032787,0.05526315789473684,21,,,,,,,,,,,,,,,,,,,,,,,,,0,200,0,0.2171581769436997,299,285,0.22131147540983606,0.2131578947368421,81,0.3485254691689008,250,236,0.3551912568306011,0.34210526315789475,130,0.4235924932975871,222,208,0.43169398907103823,0.41578947368421054,158,0.07506702412868634,352,338,0.07650273224043716,0.07368421052631578,28,0.7372654155495979,105,91,0.7513661202185792,0.7236842105263158,275,,,200
experiment2,Qwen3-VL-30B-A3B,scene4_room2,,,,,,,,,,,,1,0.17110799438990182,276,315,0.1622340425531915,0.18100890207715134,61,0.28892005610098176,234,273,0.27393617021276595,0.3056379821958457,103,0.36185133239831696,208,247,0.34308510638297873,0.3827893175074184,129,0.05890603085553997,316,355,0.05585106382978723,0.06231454005934718,21,,,,,,,,,,,,,,,,,,,,,,,,,0,200,1,0.22159887798036465,258,297,0.21010638297872342,0.2344213649851632,79,0.3674614305750351,206,245,0.3484042553191489,0.3887240356083086,131,0.45441795231416543,175,214,0.4308510638297872,0.4807121661721068,162,0.08976157082748948,305,344,0.0851063829787234,0.09495548961424333,32,0.6928471248246845,90,129,0.6569148936170213,0.7329376854599406,247,,,199
experiment2,Qwen3-VL-30B-A3B,scene4_room3,,,,,,,,,,,,0,0.3107569721115538,255,264,0.30708661417322836,0.31451612903225806,117,0.3904382470119521,225,234,0.3858267716535433,0.3951612903225806,147,0.4594953519256308,199,208,0.4540682414698163,0.4650537634408602,173,0.15139442231075695,315,324,0.14960629921259844,0.1532258064516129,57,,,,,,,,,,,,,,,,,,,,,,,,,0,200,0,0.3904382470119521,225,234,0.3858267716535433,0.3951612903225806,147,0.49136786188579024,187,196,0.48556430446194226,0.49731182795698925,185,0.5737051792828686,156,165,0.5669291338582677,0.5806451612903226,216,0.19389110225763614,299,308,0.19160104986876642,0.19623655913978494,73,0.701195219123506,108,117,0.6929133858267716,0.7096774193548387,264,,,200
experiment2,Qwen3-VL-30B-A3B,scene4_room4,,,,,,,,,,,,0,0.227330779054917,296,309,0.2236180904522613,0.23116883116883116,89,0.34738186462324394,249,262,0.3417085427135678,0.35324675324675325,136,0.4035759897828864,227,240,0.3969849246231156,0.4103896103896104,158,0.11494252873563218,340,353,0.11306532663316583,0.11688311688311688,45,,,,,,,,,,,,,,,,,,,,,,,,,0,200,0,0.28097062579821197,275,288,0.27638190954773867,0.2857142857142857,110,0.4240102171136654,219,232,0.41708542713567837,0.43116883116883115,166,0.4904214559386973,193,206,0.4824120603015075,0.4987012987012987,192,0.14303959131545338,329,342,0.1407035175879397,0.14545454545454545,56,0.7305236270753512,99,112,0.7185929648241206,0.7428571428571429,286,,,200
experiment2,Qwen3-VL-30B-A3B,scene5,,,,,,,,,,,,1,0.14077814077814077,1434,1459,0.13974056603773585,0.14183123877917414,237,0.22275022275022277,1296,1321,0.22110849056603774,0.2244165170556553,375,0.28690228690228686,1188,1213,0.2847877358490566,0.289048473967684,483,0.036234036234036225,1610,1635,0.03596698113207547,0.036505086774386596,61,,,,,,,,,,,,,,,,,,,,,,,,,0,800,1,0.18473418473418476,1360,1385,0.18337264150943397,0.18611609814482347,311,0.2928422928422928,1178,1203,0.29068396226415094,0.2950329144225015,493,0.3682803682803683,1051,1076,0.36556603773584906,0.3710353081986834,620,0.04336204336204336,1598,1623,0.04304245283018868,0.043686415320167565,73,0.7401247401247402,425,450,0.7346698113207547,0.7456612806702573,1246,,,799
experiment2,Qwen3-VL-8B,scene1,,,,,,,,,,,,0,0.23773584905660375,1189,1235,0.23434593924364538,0.2412252712188896,378,0.3138364779874213,1068,1114,0.30936143831370116,0.3184428844926611,499,0.37421383647798745,972,1018,0.3688778673279603,0.37970644543714105,595,0.11509433962264153,1384,1430,0.1134531928084315,0.11678366305041481,183,,,,,,,,,,,,,,,,,,,,,,,,,0,800,0,0.28050314465408804,1121,1167,0.27650340979541227,0.28462029355456286,446,0.37672955974842764,968,1014,0.37135771853688776,0.3822590938098277,599,0.4446540880503145,860,906,0.43831370117792934,0.4511805998723676,707,0.13710691823899368,1349,1395,0.1351518908865468,0.1391193363114231,218,0.7213836477987421,420,466,0.7110973341599504,0.7319719208679004,1147,,,800
experiment2,Qwen3-VL-8B,scene2,,,,,,,,,,,,0,0.20528301886792452,1627,1532,0.21030927835051547,0.2004914004914005,408,0.32301886792452833,1393,1298,0.3309278350515464,0.3154791154791155,642,0.3984905660377359,1243,1148,0.40824742268041236,0.3891891891891892,792,0.07547169811320754,1885,1790,0.07731958762886598,0.07371007371007371,150,,,,,,,,,,,,,,,,,,,,,,,,,0,800,0,0.21987421383647798,1598,1503,0.2252577319587629,0.21474201474201474,437,0.34264150943396227,1354,1259,0.3510309278350515,0.33464373464373465,681,0.43069182389937105,1179,1084,0.44123711340206184,0.42063882063882063,856,0.08251572327044025,1871,1776,0.08453608247422681,0.08058968058968059,164,0.7652830188679245,514,419,0.784020618556701,0.7474201474201474,1521,,,800
experiment2,Qwen3-VL-8B,scene3,,,,,,,,,,,,0,0.19200887902330746,1426,1486,0.1888646288209607,0.19525959367945825,346,0.29633740288568255,1238,1298,0.2914847161572052,0.3013544018058691,534,0.36736958934517205,1110,1170,0.361353711790393,0.37358916478555304,662,0.07269700332963375,1641,1701,0.07150655021834061,0.07392776523702031,131,,,,,,,,,,,,,,,,,,,,,,,,,0,800,0,0.2241953385127636,1368,1428,0.2205240174672489,0.22799097065462753,404,0.3385127635960045,1162,1222,0.3329694323144105,0.3442437923250564,610,0.41897891231964485,1017,1077,0.412117903930131,0.4260722347629797,755,0.08435072142064373,1620,1680,0.08296943231441048,0.08577878103837472,152,0.7685904550499445,387,447,0.756004366812227,0.7816027088036117,1385,,,800
experiment2,Qwen3-VL-8B,scene4_room1,,,,,,,,,,,,0,0.1997300944669366,306,287,0.20498614958448755,0.19473684210526315,74,0.29959514170040485,269,250,0.3074792243767313,0.29210526315789476,111,0.3562753036437247,248,229,0.3656509695290859,0.3473684210526316,132,0.06747638326585695,355,336,0.06925207756232687,0.06578947368421052,25,,,,,,,,,,,,,,,,,,,,,,,,,0,200,0,0.23211875843454793,294,275,0.23822714681440443,0.22631578947368422,86,0.3427800269905533,253,234,0.3518005540166205,0.33421052631578946,127,0.40755735492577594,229,210,0.4182825484764543,0.3973684210526316,151,0.08367071524966263,349,330,0.08587257617728532,0.08157894736842106,31,0.7233468286099866,112,93,0.7423822714681441,0.7052631578947368,268,,,200
experiment2,Qwen3-VL-8B,scene4_room2,,,,,,,,,,,,0,0.15427769985974754,282,321,0.14627659574468085,0.1632047477744807,55,0.26647966339410945,242,281,0.2526595744680851,0.2818991097922849,95,0.37026647966339415,205,244,0.35106382978723405,0.3916913946587537,132,0.06171107994389902,315,354,0.05851063829787234,0.06528189910979229,22,,,,,,,,,,,,,,,,,,,,,,,,,0,200,0,0.20476858345021037,264,303,0.19414893617021275,0.2166172106824926,73,0.3366058906030856,217,256,0.3191489361702128,0.3560830860534125,120,0.4600280504908836,173,212,0.43617021276595747,0.486646884272997,164,0.08134642356241235,308,347,0.07712765957446809,0.08605341246290801,29,0.7068723702664798,85,124,0.6702127659574468,0.7477744807121661,252,,,200
experiment2,Qwen3-VL-8B,scene4_room3,,,,,,,,,,,,0,0.2273342354533153,288,283,0.22888283378746593,0.22580645161290322,84,0.3274695534506089,251,246,0.329700272479564,0.32526881720430106,121,0.3788903924221922,232,227,0.3814713896457766,0.3763440860215054,140,0.10554803788903926,333,328,0.10626702997275204,0.10483870967741936,39,,,,,,,,,,,,,,,,,,,,,,,,,0,200,0,0.2598105548037889,276,271,0.2615803814713896,0.25806451612903225,96,0.3707713125845738,235,230,0.37329700272479566,0.3682795698924731,137,0.4546684709066306,204,199,0.45776566757493187,0.45161290322580644,168,0.11637347767253044,329,324,0.11716621253405994,0.11559139784946236,43,0.7198917456021651,106,101,0.7247956403269755,0.7150537634408602,266,,,200
experiment2,Qwen3-VL-8B,scene4_room4,,,,,,,,,,,,0,0.21794871794871795,300,310,0.21518987341772153,0.22077922077922077,85,0.3333333333333333,255,265,0.3291139240506329,0.33766233766233766,130,0.4025641025641026,228,238,0.39746835443037976,0.4077922077922078,157,0.06153846153846154,361,371,0.060759493670886074,0.06233766233766234,24,,,,,,,,,,,,,,,,,,,,,,,,,0,200,0,0.26410256410256405,282,292,0.2607594936708861,0.2675324675324675,103,0.3794871794871795,237,247,0.37468354430379747,0.38441558441558443,148,0.4512820512820513,209,219,0.44556962025316454,0.45714285714285713,176,0.08974358974358974,350,360,0.08860759493670886,0.09090909090909091,35,0.7717948717948718,84,94,0.7620253164556962,0.7818181818181819,301,,,200
experiment2,Qwen3-VL-8B,scene5,,,,,,,,,,,,0,0.1718988113380067,1389,1328,0.17515527950310558,0.1687612208258528,282,0.24565681194757696,1268,1207,0.2503105590062112,0.24117295032914424,403,0.3114903992685157,1160,1099,0.3173913043478261,0.30580490724117293,511,0.06095702529716549,1571,1510,0.062111801242236024,0.059844404548174746,100,,,,,,,,,,,,,,,,,,,,,,,,,0,800,0,0.21578786955196586,1317,1256,0.21987577639751552,0.2118491921005386,354,0.30661383724474245,1168,1107,0.3124223602484472,0.30101735487731895,503,0.3809814081072844,1046,985,0.38819875776397517,0.37402752842609216,625,0.0743675708625419,1549,1488,0.07577639751552795,0.07301017354877319,122,0.7357512953367876,464,403,0.7496894409937889,0.7223219628964692,1207,,,800
experiment2,InternVL3-38B,scene1,,,,,,,,,,,,0,0.099906919019547,1406,1495,0.09722222222222222,0.10274409700063816,161,0.20043437790878066,1244,1333,0.19504830917874397,0.206126356094448,323,0.3152342538008067,1059,1148,0.30676328502415456,0.3241863433312061,508,0.02606267452683835,1525,1614,0.025362318840579712,0.026802807913209957,42,,,,,,,,,,,,,,,,,,,,,,,,,0,800,0,0.131554452373565,1355,1444,0.1280193236714976,0.13529036375239312,212,0.2593856655290102,1149,1238,0.2524154589371981,0.2667517549457562,418,0.39776605646912816,926,1015,0.38707729468599034,0.40906190172303764,641,0.03599131244182439,1509,1598,0.035024154589371984,0.037013401403956606,58,0.6832143965249766,466,555,0.6648550724637681,0.7026164645820038,1101,,,800
experiment2,InternVL3-38B,scene2,,,,,,,,,,,,0,0.10576441102756892,1824,1744,0.10792838874680306,0.10368550368550368,211,0.18997493734335838,1656,1576,0.1938618925831202,0.18624078624078624,379,0.28120300751879707,1474,1394,0.28695652173913044,0.2756756756756757,561,0.034085213032581455,1967,1887,0.034782608695652174,0.03341523341523341,68,,,,,,,,,,,,,,,,,,,,,,,,,0,800,0,0.13032581453634087,1775,1695,0.1329923273657289,0.12776412776412777,260,0.22656641604010028,1583,1503,0.23120204603580563,0.2221130221130221,452,0.3288220551378446,1379,1299,0.33554987212276216,0.32235872235872237,656,0.042606516290726815,1950,1870,0.043478260869565216,0.04176904176904177,85,0.7759398496240602,487,407,0.7918158567774936,0.7606879606879607,1548,,,800
experiment2,InternVL3-38B,scene3,,,,,,,,,,,,0,0.11300992282249173,1567,1651,0.11045258620689655,0.11568848758465011,205,0.2017640573318633,1406,1490,0.19719827586206898,0.20654627539503387,366,0.2855567805953694,1254,1338,0.2790948275862069,0.29232505643340856,518,0.02866593164277839,1720,1804,0.028017241379310345,0.029345372460496615,52,,,,,,,,,,,,,,,,,,,,,,,,,0,800,0,0.14112458654906282,1516,1600,0.13793103448275862,0.14446952595936793,256,0.24641675854465273,1325,1409,0.2408405172413793,0.25225733634311515,447,0.3472987872105843,1142,1226,0.3394396551724138,0.35553047404063204,630,0.03914002205071664,1701,1785,0.03825431034482758,0.040067720090293454,71,0.7717750826901875,372,456,0.7543103448275862,0.7900677200902935,1400,,,800
experiment2,InternVL3-38B,scene4_room1,,,,,,,,,,,,0,0.06442953020134229,356,341,0.06575342465753424,0.06315789473684211,24,0.16375838926174496,319,304,0.16712328767123288,0.16052631578947368,61,0.20671140939597316,303,288,0.21095890410958903,0.2026315789473684,77,0.026845637583892617,370,355,0.0273972602739726,0.02631578947368421,10,,,,,,,,,,,,,,,,,,,,,,,,,0,200,0,0.0697986577181208,354,339,0.07123287671232877,0.06842105263157895,26,0.18255033557046982,312,297,0.1863013698630137,0.17894736842105263,68,0.2523489932885906,286,271,0.25753424657534246,0.24736842105263157,94,0.02953020134228188,369,354,0.030136986301369864,0.02894736842105263,11,0.7114093959731543,115,100,0.726027397260274,0.6973684210526315,265,,,200
experiment2,InternVL3-38B,scene4_room2,,,,,,,,,,,,0,0.06713286713286712,313,354,0.06349206349206349,0.0712166172106825,24,0.12867132867132866,291,332,0.12169312169312169,0.13649851632047477,46,0.1958041958041958,267,308,0.18518518518518517,0.20771513353115728,70,0.025174825174825173,328,369,0.023809523809523808,0.026706231454005934,9,,,,,,,,,,,,,,,,,,,,,,,,,0,200,0,0.07272727272727272,311,352,0.06878306878306878,0.0771513353115727,26,0.15664335664335663,281,322,0.14814814814814814,0.1661721068249258,56,0.24335664335664334,250,291,0.23015873015873015,0.258160237388724,87,0.025174825174825173,328,369,0.023809523809523808,0.026706231454005934,9,0.6853146853146853,92,133,0.6481481481481481,0.7270029673590505,245,,,200
experiment2,InternVL3-38B,scene4_room3,,,,,,,,,,,,0,0.1354581673306773,321,330,0.13385826771653545,0.13709677419354838,51,0.2151394422310757,291,300,0.2125984251968504,0.21774193548387097,81,0.27622841965471445,268,277,0.27296587926509186,0.27956989247311825,104,0.0451527224435591,355,364,0.04461942257217848,0.0456989247311828,17,,,,,,,,,,,,,,,,,,,,,,,,,0,200,0,0.16201859229747675,311,320,0.16010498687664043,0.1639784946236559,61,0.2602921646746348,274,283,0.2572178477690289,0.26344086021505375,98,0.3293492695883134,248,257,0.32545931758530183,0.3333333333333333,124,0.04780876494023904,354,363,0.047244094488188976,0.04838709677419355,18,0.7304116865869853,97,106,0.7217847769028871,0.739247311827957,275,,,200
experiment2,InternVL3-38B,scene4_room4,,,,,,,,,,,,0,0.13863928112965337,331,340,0.13705583756345177,0.14025974025974025,54,0.21052631578947364,303,312,0.20812182741116753,0.21298701298701297,82,0.26700898587933247,281,290,0.2639593908629442,0.2701298701298701,104,0.043645699614890884,368,377,0.04314720812182741,0.04415584415584416,17,,,,,,,,,,,,,,,,,,,,,,,,,0,200,0,0.14634146341463414,328,337,0.1446700507614213,0.14805194805194805,57,0.24133504492939664,291,300,0.23857868020304568,0.24415584415584415,94,0.3106546854942233,264,273,0.30710659898477155,0.3142857142857143,121,0.04621309370988447,367,376,0.04568527918781726,0.046753246753246755,18,0.6906290115532734,116,125,0.682741116751269,0.6987012987012987,269,,,200
experiment2,InternVL3-38B,scene5,,,,,,,,,,,,0,0.0653206650831354,1561,1587,0.0648202710665881,0.06582884500299221,110,0.13776722090261284,1439,1465,0.13671184443134943,0.13883901855176542,232,0.22624703087885983,1290,1316,0.22451384796700058,0.22800718132854578,381,0.017814726840855107,1641,1667,0.01767825574543312,0.017953321364452424,30,,,,,,,,,,,,,,,,,,,,,,,,,0,800,0,0.09382422802850357,1513,1539,0.09310548025928109,0.0945541591861161,158,0.19239904988123516,1347,1373,0.19092516205067767,0.19389587073608616,324,0.3016627078384798,1163,1189,0.29935179728933414,0.3040095751047277,508,0.024940617577197146,1629,1655,0.024749558043606363,0.025134649910233394,42,0.7131828978622328,470,496,0.7077195050088392,0.7187312986235787,1201,,,800
experiment3,Qwen3-VL-30B-A3B,scene1,0.45449341728677733,866,1040,0.43293347873500543,0.4783132530120482,794,0.01125,,,,,0,,,,,,,,,,,,,,,,,,,,,,,,,,,0.09731876861966236,0.24478649453823237,0.3957298907646475,1464,1167,863,2172,1875,1571,0.08277027027027027,0.20819256756756757,0.33657094594594594,0.1180722891566265,0.2969879518072289,0.48012048192771084,196,493,797,0.1593539815487097,,,,,800,,,,,,,,,,,,,,,,,,,,,,,,,,,,,,,,,,800
experiment3,Qwen3-VL-30B-A3B,scene2,0.26522395571212887,1554,1366,0.27839408346539884,0.2532436328688131,527,0.00625,,,,,0,,,,,,,,,,,,,,,,,,,,,,,,,,,0.010739565535757872,0.047351720771296076,0.16597510373443985,2059,1984,1741,1994,1919,1676,0.010912698412698412,0.04811507936507937,0.16865079365079366,0.010571840461316675,0.04661220567035079,0.16338298894762135,22,97,340,0.20671229793523155,,,,,800,,,,,,,,,,,,,,,,,,,,,,,,,,,,,,,,,,800
experiment3,Qwen3-VL-30B-A3B,scene3,0.4888088500128634,916,1071,0.47006432459178626,0.5091103965702036,950,0.01875,,,,,0,,,,,,,,,,,,,,,,,,,,,,,,,,,0.1235236220472441,0.3336614173228346,0.5541338582677166,1615,1188,740,1947,1520,1072,0.11419472247497725,0.30846223839854414,0.5122838944494995,0.1345123258306538,0.3633440514469453,0.6034297963558414,251,678,1126,0.12162164426045405,,,,,800,,,,,,,,,,,,,,,,,,,,,,,,,,,,,,,,,,800
experiment3,Qwen3-VL-30B-A3B,scene4_room1,0.5472887767969736,187,172,0.5578406169665809,0.5371287128712872,217,0.04,,,,,0,,,,,,,,,,,,,,,,,,,,,,,,,,,0.1787709497206704,0.37988826815642457,0.5586592178770949,324,234,154,411,321,241,0.1629327902240326,0.34623217922606925,0.5091649694501018,0.19801980198019803,0.4207920792079208,0.6188118811881188,80,170,250,0.14933884894177074,,,,,200,,,,,,,,,,,,,,,,,,,,,,,,,,,,,,,,,,200
experiment3,Qwen3-VL-30B-A3B,scene4_room2,0.329923273657289,250,274,0.3200992555831266,0.3403693931398417,129,0.025,,,,,0,,,,,,,,,,,,,,,,,,,,,,,,,,,0.02142857142857143,0.09761904761904762,0.2595238095238095,334,302,234,488,456,388,0.018108651911468814,0.08249496981891348,0.2193158953722334,0.026239067055393587,0.119533527696793,0.3177842565597668,9,41,109,0.34914279405607207,,,,,200,,,,,,,,,,,,,,,,,,,,,,,,,,,,,,,,,,200
experiment3,Qwen3-VL-30B-A3B,scene4_room3,0.6471306471306472,116,173,0.6050228310502284,0.6955380577427821,265,0.04,,,,,0,,,,,,,,,,,,,,,,,,,,,,,,,,,0.16373056994818655,0.3626943005181347,0.5367875647668393,302,206,122,505,409,325,0.13527397260273974,0.2996575342465753,0.4434931506849315,0.2073490813648294,0.45931758530183725,0.6797900262467191,79,175,259,0.13591099087211966,,,,,200,,,,,,,,,,,,,,,,,,,,,,,,,,,,,,,,,,200
experiment3,Qwen3-VL-30B-A3B,scene4_room4,0.42857142857142855,230,218,0.43523316062176165,0.4221105527638191,168,0.015,,,,,0,,,,,,,,,,,,,,,,,,,,,,,,,,,0.07033997655334116,0.26025791324736225,0.4337631887456037,364,283,209,429,348,274,0.06535947712418301,0.24183006535947713,0.40305010893246185,0.07614213197969544,0.2817258883248731,0.46954314720812185,30,111,185,0.16240352159796756,,,,,200,,,,,,,,,,,,,,,,,,,,,,,,,,,,,,,,,,200
experiment3,Qwen3-VL-30B-A3B,scene5,0.48602395892755273,849,953,0.47202216066481995,0.5008818342151675,852,0.02625,,,,,0,,,,,,,,,,,,,,,,,,,,,,,,,,,0.22547802334243855,0.35212316861186993,0.4926744474795133,1247,992,709,1872,1617,1334,0.1951848667239897,0.30481513327601034,0.42648323301805674,0.26690182245737804,0.41681363903586127,0.5831863609641388,454,709,992,0.10458516730824956,,,,,800,,,,,,,,,,,,,,,,,,,,,,,,,,,,,,,,,,800
experiment3,Qwen3-VL-8B,scene1,0.44126241963763885,905,1007,0.4284903518728717,0.45481927710843373,755,0.0125,,,,,0,,,,,,,,,,,,,,,,,,,,,,,,,,,0.0940040650406504,0.23475609756097562,0.38516260162601623,1475,1198,902,2091,1814,1518,0.0812829525483304,0.20298769771529,0.3330404217926186,0.11144578313253012,0.2783132530120482,0.4566265060240964,185,462,758,0.1628912238297666,,,,,800,,,,,,,,,,,,,,,,,,,,,,,,,,,,,,,,,,800
experiment3,Qwen3-VL-8B,scene2,0.2627774909654105,1572,1284,0.2838817624093698,0.2445939452186449,509,0.01125,,,,,0,,,,,,,,,,,,,,,,,,,,,,,,,,,0.010015022533800702,0.04606910365548322,0.16374561842764146,2061,1989,1754,1893,1821,1586,0.010454783063251438,0.04809200209095661,0.170935703084161,0.009610764055742432,0.044209514656415184,0.15713599231138875,20,92,327,0.2004277472948712,,,,,800,,,,,,,,,,,,,,,,,,,,,,,,,,,,,,,,,,800
experiment3,Qwen3-VL-8B,scene3,0.48139350752177357,954,1011,0.47425897035881437,0.4887459807073955,912,0.0275,,,,,0,,,,,,,,,,,,,,,,,,,,,,,,,,,0.1226034308779011,0.32896064581231077,0.5454086781029263,1623,1214,785,1855,1446,1017,0.11582459485224023,0.3107721639656816,0.5152526215443279,0.1302250803858521,0.34941050375133975,0.5793140407288317,243,652,1081,0.12048271882311133,,,,,800,,,,,,,,,,,,,,,,,,,,,,,,,,,,,,,,,,800
experiment3,Qwen3-VL-8B,scene4_room1,0.4980132450331126,216,163,0.5356125356125356,0.46534653465346537,188,0.045,,,,,0,,,,,,,,,,,,,,,,,,,,,,,,,,,0.17543859649122806,0.34385964912280703,0.512280701754386,329,257,185,376,304,232,0.1662971175166297,0.3259423503325942,0.48558758314855877,0.18564356435643564,0.36386138613861385,0.5420792079207921,75,147,219,0.17019095234336587,,,,,200,,,,,,,,,,,,,,,,,,,,,,,,,,,,,,,,,,200
experiment3,Qwen3-VL-8B,scene4_room2,0.31005586592178774,268,226,0.3293768545994065,0.2928759894459103,111,0.005,,,,,0,,,,,,,,,,,,,,,,,,,,,,,,,,,0.020860495436766623,0.09647979139504564,0.25032594524119944,335,306,247,416,387,328,0.018867924528301886,0.08726415094339622,0.22641509433962265,0.023323615160349854,0.10787172011661808,0.27988338192419826,8,37,96,0.3128261811267886,,,,,200,,,,,,,,,,,,,,,,,,,,,,,,,,,,,,,,,,200
experiment3,Qwen3-VL-8B,scene4_room3,0.6566791510611735,118,157,0.6261904761904762,0.6902887139107612,263,0.06,,,,,0,,,,,,,,,,,,,,,,,,,,,,,,,,,0.1656050955414013,0.3694267515923568,0.5456475583864119,303,207,124,483,387,304,0.13903743315508021,0.31016042780748665,0.45811051693404636,0.2047244094488189,0.4566929133858268,0.6745406824146981,78,174,257,0.1363769205343956,,,,,200,,,,,,,,,,,,,,,,,,,,,,,,,,,,,,,,,,200
experiment3,Qwen3-VL-8B,scene4_room4,0.3456090651558073,276,186,0.3961038961038961,0.3065326633165829,122,0.035,,,,,0,,,,,,,,,,,,,,,,,,,,,,,,,,,0.060446780551905395,0.2155059132720105,0.3469119579500657,371,312,262,344,285,235,0.06267029972752043,0.22343324250681199,0.35967302452316074,0.0583756345177665,0.20812182741116753,0.3350253807106599,23,82,132,0.18196008887011728,,,,,200,,,,,,,,,,,,,,,,,,,,,,,,,,,,,,,,,,200
experiment3,Qwen3-VL-8B,scene5,0.48043728423475257,866,940,0.4704225352112676,0.49088771310993534,835,0.025,,,,,0,,,,,,,,,,,,,,,,,,,,,,,,,,,0.22327909887359199,0.3494367959949937,0.4891113892365457,1255,1003,724,1848,1596,1317,0.1944202266782912,0.3042720139494333,0.4258936355710549,0.2621987066431511,0.41034685479129923,0.5743680188124632,446,698,977,0.10519413895851736,,,,,800,,,,,,,,,,,,,,,,,,,,,,,,,,,,,,,,,,800
experiment3,InternVL3-38B,scene1,0.40115718418514945,1036,827,0.43004824259131635,0.3759036144578313,624,0.01875,,,,,0,,,,,,,,,,,,,,,,,,,,,,,,,,,0.08895705521472394,0.22515337423312884,0.38098159509202456,1515,1293,1039,1455,1233,979,0.090625,0.229375,0.388125,0.08734939759036145,0.22108433734939759,0.3740963855421687,145,367,621,0.15914614880737377,,,,,800,,,,,,,,,,,,,,,,,,,,,,,,,,,,,,,,,,800
experiment3,InternVL3-38B,scene2,0.2618648799553322,1612,1032,0.31245836109260494,0.22537241710716002,469,0.0175,,,,,0,,,,,,,,,,,,,,,,,,,,,,,,,,,0.01097694840834248,0.04665203073545555,0.1684961580680571,2061,1996,1774,1543,1478,1256,0.012795905310300703,0.05438259756877799,0.19641714651311581,0.009610764055742432,0.04084574723690534,0.14752522825564632,20,85,307,0.18387276194680455,,,,,800,,,,,,,,,,,,,,,,,,,,,,,,,,,,,,,,,,800
experiment3,InternVL3-38B,scene3,0.4126426690079017,1161,846,0.45454545454545453,0.3778135048231511,705,0.0325,,,,,0,,,,,,,,,,,,,,,,,,,,,,,,,,,0.09471556453941668,0.27894888824718456,0.48397343343921456,1702,1383,1028,1433,1114,759,0.10269254852849093,0.3024420788979336,0.5247338760175329,0.08788853161843516,0.25884244372990356,0.4490889603429796,164,483,838,0.13973566195536327,,,,,800,,,,,,,,,,,,,,,,,,,,,,,,,,,,,,,,,,800
experiment3,InternVL3-38B,scene4_room1,0.49798115746971744,219,154,0.5457227138643068,0.45792079207920794,185,0.05,,,,,0,,,,,,,,,,,,,,,,,,,,,,,,,,,0.15920398009950248,0.34825870646766166,0.5323383084577115,340,264,190,336,260,186,0.16,0.35,0.535,0.15841584158415842,0.3465346534653465,0.5297029702970297,64,140,214,0.1636102020168789,,,,,200,,,,,,,,,,,,,,,,,,,,,,,,,,,,,,,,,,200
experiment3,InternVL3-38B,scene4_room2,0.3256445047489824,259,238,0.33519553072625696,0.316622691292876,120,0.045,,,,,0,,,,,,,,,,,,,,,,,,,,,,,,,,,0.0215633423180593,0.09433962264150943,0.27762803234501343,335,308,240,391,364,296,0.020050125313283207,0.08771929824561403,0.2581453634085213,0.023323615160349854,0.10204081632653061,0.30029154518950435,8,35,103,0.312099174219236,,,,,200,,,,,,,,,,,,,,,,,,,,,,,,,,,,,,,,,,200
experiment3,InternVL3-38B,scene4_room3,0.6353591160220994,151,113,0.6705539358600583,0.6036745406824147,230,0.16,,,,,0,,,,,,,,,,,,,,,,,,,,,,,,,,,0.16645326504481434,0.384122919334187,0.5480153649167734,316,231,167,335,250,186,0.1625,0.375,0.535,0.17060367454068243,0.3937007874015748,0.5616797900262467,65,150,214,0.159771582137183,,,,,200,,,,,,,,,,,,,,,,,,,,,,,,,,,,,,,,,,200
experiment3,InternVL3-38B,scene4_room4,0.41578947368421054,240,204,0.43646408839779005,0.3969849246231156,158,0.02,,,,,0,,,,,,,,,,,,,,,,,,,,,,,,,,,0.06557377049180327,0.2547288776796974,0.43127364438839855,368,293,223,373,298,228,0.06516290726817042,0.2531328320802005,0.42857142857142855,0.06598984771573604,0.2563451776649746,0.434010152284264,26,101,171,0.17108636956253034,,,,,200,,,,,,,,,,,,,,,,,,,,,,,,,,,,,,,,,,200
experiment3,InternVL3-38B,scene5,0.4429615506831903,1004,749,0.48201936376210236,0.4097589653145209,697,0.1025,,,,,0,,,,,,,,,,,,,,,,,,,,,,,,,,,0.21365705614567526,0.35022761760242793,0.49286798179059177,1349,1124,889,1242,1017,782,0.22082810539523212,0.3619824341279799,0.5094102885821832,0.2069370958259847,0.339212228101117,0.4773662551440329,352,577,812,0.1270775054973174,,,,,800,,,,,,,,,,,,,,,,,,,,,,,,,,,,,,,,,,800
